Reference;Qty;Value;DNP;Footprint
BZ1;1;Buzzer;;Buzzer_Beeper:Buzzer_TDK_PS1240P02BT_D12.2mm_H6.5mm
C1,C2;2;4.7uF;;Capacitor_SMD:C_1206_3216Metric
C3;1;0.01uF;;Capacitor_SMD:C_0603_1608Metric
C4,C5,C25,C32-C35;7;100nF;;Capacitor_SMD:C_0603_1608Metric
C6;1;1000pF;;Capacitor_SMD:C_0603_1608Metric
C7;1;47pF;;Capacitor_SMD:C_0603_1608Metric
C8,C9;2;47uF;;escdesing:Radial CAP
C10,C13,C16,C19-C21,C28;7;1uF;;Capacitor_SMD:C_0603_1608Metric
C11,C14,C17;3;2.2uF;;Capacitor_SMD:C_0805_2012Metric
C12,C15,C18;3;47uF;;Capacitor_SMD:C_1210_3225Metric
C22-C24;3;220nF;;Capacitor_SMD:C_0603_1608Metric
C26,C27;2;18pF;;Capacitor_SMD:C_0603_1608Metric
C29;1;10nF;;Capacitor_SMD:C_0603_1608Metric
C30,C31;2;2.2uF;;Capacitor_SMD:C_0603_1608Metric
C36;1;4.7uF;;Capacitor_SMD:C_0603_1608Metric
D1;1;D_TVS;;Diode_SMD:D_SMC
D2;1;Zener;;Diode_SMD:D_SOD-123
D3;1;B340A;;Diode_SMD:D_SMA
D4,D7,D10;3;D;;Diode_SMD:D_SMA
D5,D6,D8,D9,D11,D12;6;D;;Diode_SMD:D_SOD-323
D13,D14;2;LED;;LED_SMD:LED_0603_1608Metric
D15,D17,D18;3;RED LED;;LED_SMD:LED_0603_1608Metric
D16;1;D_TVS;;Diode_SMD:D_SOD-523
F1;1;Polyfuse;;Fuse:Fuse_2920_7451Metric_Pad2.10x5.45mm_HandSolder
FB1,FB2;2;FerriteBead;;Resistor_SMD:R_0603_1608Metric
J1;1;XT60;;escdesing:XT60
J2;1;ST-LINK;;Connector_PinHeader_1.27mm:PinHeader_1x05_P1.27mm_Vertical
J3;1;UART;;Connector_PinHeader_1.27mm:PinHeader_1x03_P1.27mm_Vertical
J4;1;ADC ANALOG INPUT;;Connector_PinHeader_1.27mm:PinHeader_1x03_P1.27mm_Vertical
J5;1;USB4085-6F-A;;Connector_USB:USB_C_Receptacle_GCT_USB4085
J6-J8;3;Conn_01x01_Socket;;Connector:Banana_Jack_1Pin
L1;1;6.8uH;;Inductor_SMD:L_Chilisin_BMRx00060630
Q1;1;SIR4301DP;;escdesing:PowerPak SO-8
Q2-Q7;6;FDP8440;;Package_TO_SOT_THT:TO-220-3_Vertical
Q8;1;NPN;;Package_TO_SOT_SMD:SOT-23
R1;1;100K;;Resistor_SMD:R_0603_1608Metric
R2;1;332K;;Resistor_SMD:R_0603_1608Metric_Pad0.98x0.95mm_HandSolder
R3;1;66K1;;Resistor_SMD:R_0603_1608Metric
R4;1;29K4;;Resistor_SMD:R_0603_1608Metric
R5;1;0;;Resistor_SMD:R_0603_1608Metric
R6;1;10K2;;Resistor_SMD:R_0603_1608Metric
R7;1;3K24;;Resistor_SMD:R_0603_1608Metric
R8-R13;6;10;;Resistor_SMD:R_0805_2012Metric
R14,R16,R18,R29,R31,R33;6;18K;;Resistor_SMD:R_0603_1608Metric
R15,R17,R19;3;6K8;;Resistor_SMD:R_0603_1608Metric
R20-R22;3;100;;Resistor_SMD:R_0603_1608Metric
R23,R25,R27;3;2m;;Resistor_SMD:R_1206_3216Metric
R24,R26,R28;3;1K;;Resistor_SMD:R_0603_1608Metric
R30,R32,R34;3;6.8K;;Resistor_SMD:R_0603_1608Metric
R35-R37;3;10K;;Resistor_SMD:R_0603_1608Metric
R38-R40,R46,R47;5;330;;Resistor_SMD:R_0603_1608Metric
R41,R42;2;4K7;;LED_SMD:LED_0603_1608Metric
R43,R44;2;5K1;;LED_SMD:LED_0603_1608Metric
R45;1;2K2;;Resistor_SMD:R_0603_1608Metric
SW1;1;SW_SPST;;Button_Switch_THT:SW_PUSH_6mm_H4.3mm
TH1;1;Thermistor 10K;;Resistor_SMD:R_0603_1608Metric
TP1-TP9;9;TestPoint;;TestPoint:TestPoint_Pad_D1.5mm
U1;1;TPS54331;;Package_SO:SOIC-8_3.9x4.9mm_P1.27mm
U2-U4;3;IR2103;;escdesing:8-SOIC
U5-U7;3;TLV77031DCKR;;Package_TO_SOT_SMD:SOT-353_SC-70-5
U8;1;STM32G431CBT6;;Package_QFP:LQFP-48_7x7mm_P0.5mm
U9-U11;3;INA180A2;;Package_TO_SOT_SMD:SOT-23-5
U12;1;AT24C256;;Package_SO:SOIC-8_5.3x5.3mm_P1.27mm
Y1;1;16MHz;;Crystal:Crystal_SMD_Abracon_ABM3B-4Pin_5.0x3.2mm
